Type,SKU,Name,Parent,Published,Regular price,Attribute 1 name,Attribute 1 value(s),Attribute 1 visible,Attribute 1 global,Attribute 2 name,Attribute 2 value(s),Attribute 2 visible,Attribute 2 global,Short description,Description,Images,material
variable,impexo-camera-protection,Coque Protection Caméra Renforcée – Série iPhone 17,,1,,Modèle,"iPhone 17, iPhone 17 Air, iPhone 17 Pro, iPhone 17 Pro Max",1,0,Couleur,"Blanc, Noir, Vert, Rose, Bleu, Rouge, Gris, Violet, Argent, Marron",1,0,"Rebord surélevé autour du module caméra. Finesse élégante, prise en main confortable.","Conçue pour protéger efficacement l'appareil au quotidien, cette coque intègre un rebord surélevé autour du module caméra afin de limiter les rayures et les impacts directs. Sa structure absorbe les chocs tout en conservant une finesse élégante et une prise en main confortable. Compatibilité par modèle : iPhone 17 : protection précise du module caméra ; iPhone 17 Air : coque légère adaptée au format affiné ; iPhone 17 Pro : protection renforcée pour module avancé ; iPhone 17 Pro Max : maintien optimal sur grand format. Mention légale : Produit compatible avec les modèles iPhone 17, 17 Air, 17 Pro et 17 Pro Max. La marque Apple® est mentionnée uniquement à titre de compatibilité. IMPEXO est une marque indépendante.",https://www.impexo.fr/product/IMPEXO-IPHONE%2017%20SERIES12-31/JOJO1015-1.JPG,
variation,impexo-camera-protection--iphone-17--blanc,,impexo-camera-protection,1,14.90,Modèle,iPhone 17,1,0,Couleur,Blanc,1,0,,,https://www.impexo.fr/product/IMPEXO-IPHONE%2017%20SERIES12-31/JOJO1015-1.JPG,
variation,impexo-camera-protection--iphone-17--noir,,impexo-camera-protection,1,14.90,Modèle,iPhone 17,1,0,Couleur,Noir,1,0,,,https://www.impexo.fr/product/IMPEXO-IPHONE%2017%20SERIES12-31/JOJO1015-1.JPG,
variation,impexo-camera-protection--iphone-17--vert,,impexo-camera-protection,1,14.90,Modèle,iPhone 17,1,0,Couleur,Vert,1,0,,,https://www.impexo.fr/product/IMPEXO-IPHONE%2017%20SERIES12-31/JOJO1015-1.JPG,
variation,impexo-camera-protection--iphone-17--rose,,impexo-camera-protection,1,14.90,Modèle,iPhone 17,1,0,Couleur,Rose,1,0,,,https://www.impexo.fr/product/IMPEXO-IPHONE%2017%20SERIES12-31/JOJO1015-1.JPG,
variation,impexo-camera-protection--iphone-17--bleu,,impexo-camera-protection,1,14.90,Modèle,iPhone 17,1,0,Couleur,Bleu,1,0,,,https://www.impexo.fr/product/IMPEXO-IPHONE%2017%20SERIES12-31/JOJO1015-1.JPG,
variation,impexo-camera-protection--iphone-17--rouge,,impexo-camera-protection,1,14.90,Modèle,iPhone 17,1,0,Couleur,Rouge,1,0,,,https://www.impexo.fr/product/IMPEXO-IPHONE%2017%20SERIES12-31/JOJO1015-1.JPG,
variation,impexo-camera-protection--iphone-17--gris,,impexo-camera-protection,1,14.90,Modèle,iPhone 17,1,0,Couleur,Gris,1,0,,,https://www.impexo.fr/product/IMPEXO-IPHONE%2017%20SERIES12-31/JOJO1015-1.JPG,
variation,impexo-camera-protection--iphone-17--violet,,impexo-camera-protection,1,14.90,Modèle,iPhone 17,1,0,Couleur,Violet,1,0,,,https://www.impexo.fr/product/IMPEXO-IPHONE%2017%20SERIES12-31/JOJO1015-1.JPG,
variation,impexo-camera-protection--iphone-17--argent,,impexo-camera-protection,1,14.90,Modèle,iPhone 17,1,0,Couleur,Argent,1,0,,,https://www.impexo.fr/product/IMPEXO-IPHONE%2017%20SERIES12-31/JOJO1015-1.JPG,
variation,impexo-camera-protection--iphone-17--marron,,impexo-camera-protection,1,14.90,Modèle,iPhone 17,1,0,Couleur,Marron,1,0,,,https://www.impexo.fr/product/IMPEXO-IPHONE%2017%20SERIES12-31/JOJO1015-1.JPG,
variation,impexo-camera-protection--air--blanc,,impexo-camera-protection,1,14.90,Modèle,iPhone 17 Air,1,0,Couleur,Blanc,1,0,,,https://www.impexo.fr/product/IMPEXO-IPHONE%2017%20SERIES12-31/JOJO1015-1.JPG,
variation,impexo-camera-protection--air--noir,,impexo-camera-protection,1,14.90,Modèle,iPhone 17 Air,1,0,Couleur,Noir,1,0,,,https://www.impexo.fr/product/IMPEXO-IPHONE%2017%20SERIES12-31/JOJO1015-1.JPG,
variation,impexo-camera-protection--air--vert,,impexo-camera-protection,1,14.90,Modèle,iPhone 17 Air,1,0,Couleur,Vert,1,0,,,https://www.impexo.fr/product/IMPEXO-IPHONE%2017%20SERIES12-31/JOJO1015-1.JPG,
variation,impexo-camera-protection--air--rose,,impexo-camera-protection,1,14.90,Modèle,iPhone 17 Air,1,0,Couleur,Rose,1,0,,,https://www.impexo.fr/product/IMPEXO-IPHONE%2017%20SERIES12-31/JOJO1015-1.JPG,
variation,impexo-camera-protection--air--bleu,,impexo-camera-protection,1,14.90,Modèle,iPhone 17 Air,1,0,Couleur,Bleu,1,0,,,https://www.impexo.fr/product/IMPEXO-IPHONE%2017%20SERIES12-31/JOJO1015-1.JPG,
variation,impexo-camera-protection--air--rouge,,impexo-camera-protection,1,14.90,Modèle,iPhone 17 Air,1,0,Couleur,Rouge,1,0,,,https://www.impexo.fr/product/IMPEXO-IPHONE%2017%20SERIES12-31/JOJO1015-1.JPG,
variation,impexo-camera-protection--air--gris,,impexo-camera-protection,1,14.90,Modèle,iPhone 17 Air,1,0,Couleur,Gris,1,0,,,https://www.impexo.fr/product/IMPEXO-IPHONE%2017%20SERIES12-31/JOJO1015-1.JPG,
variation,impexo-camera-protection--air--violet,,impexo-camera-protection,1,14.90,Modèle,iPhone 17 Air,1,0,Couleur,Violet,1,0,,,https://www.impexo.fr/product/IMPEXO-IPHONE%2017%20SERIES12-31/JOJO1015-1.JPG,
variation,impexo-camera-protection--air--argent,,impexo-camera-protection,1,14.90,Modèle,iPhone 17 Air,1,0,Couleur,Argent,1,0,,,https://www.impexo.fr/product/IMPEXO-IPHONE%2017%20SERIES12-31/JOJO1015-1.JPG,
variation,impexo-camera-protection--air--marron,,impexo-camera-protection,1,14.90,Modèle,iPhone 17 Air,1,0,Couleur,Marron,1,0,,,https://www.impexo.fr/product/IMPEXO-IPHONE%2017%20SERIES12-31/JOJO1015-1.JPG,
variation,impexo-camera-protection--pro--blanc,,impexo-camera-protection,1,14.90,Modèle,iPhone 17 Pro,1,0,Couleur,Blanc,1,0,,,https://www.impexo.fr/product/IMPEXO-IPHONE%2017%20SERIES12-31/JOJO1015-1.JPG,
variation,impexo-camera-protection--pro--noir,,impexo-camera-protection,1,14.90,Modèle,iPhone 17 Pro,1,0,Couleur,Noir,1,0,,,https://www.impexo.fr/product/IMPEXO-IPHONE%2017%20SERIES12-31/JOJO1015-1.JPG,
variation,impexo-camera-protection--pro--vert,,impexo-camera-protection,1,14.90,Modèle,iPhone 17 Pro,1,0,Couleur,Vert,1,0,,,https://www.impexo.fr/product/IMPEXO-IPHONE%2017%20SERIES12-31/JOJO1015-1.JPG,
variation,impexo-camera-protection--pro--rose,,impexo-camera-protection,1,14.90,Modèle,iPhone 17 Pro,1,0,Couleur,Rose,1,0,,,https://www.impexo.fr/product/IMPEXO-IPHONE%2017%20SERIES12-31/JOJO1015-1.JPG,
variation,impexo-camera-protection--pro--bleu,,impexo-camera-protection,1,14.90,Modèle,iPhone 17 Pro,1,0,Couleur,Bleu,1,0,,,https://www.impexo.fr/product/IMPEXO-IPHONE%2017%20SERIES12-31/JOJO1015-1.JPG,
variation,impexo-camera-protection--pro--rouge,,impexo-camera-protection,1,14.90,Modèle,iPhone 17 Pro,1,0,Couleur,Rouge,1,0,,,https://www.impexo.fr/product/IMPEXO-IPHONE%2017%20SERIES12-31/JOJO1015-1.JPG,
variation,impexo-camera-protection--pro--gris,,impexo-camera-protection,1,14.90,Modèle,iPhone 17 Pro,1,0,Couleur,Gris,1,0,,,https://www.impexo.fr/product/IMPEXO-IPHONE%2017%20SERIES12-31/JOJO1015-1.JPG,
variation,impexo-camera-protection--pro--violet,,impexo-camera-protection,1,14.90,Modèle,iPhone 17 Pro,1,0,Couleur,Violet,1,0,,,https://www.impexo.fr/product/IMPEXO-IPHONE%2017%20SERIES12-31/JOJO1015-1.JPG,
variation,impexo-camera-protection--pro--argent,,impexo-camera-protection,1,14.90,Modèle,iPhone 17 Pro,1,0,Couleur,Argent,1,0,,,https://www.impexo.fr/product/IMPEXO-IPHONE%2017%20SERIES12-31/JOJO1015-1.JPG,
variation,impexo-camera-protection--pro--marron,,impexo-camera-protection,1,14.90,Modèle,iPhone 17 Pro,1,0,Couleur,Marron,1,0,,,https://www.impexo.fr/product/IMPEXO-IPHONE%2017%20SERIES12-31/JOJO1015-1.JPG,
variation,impexo-camera-protection--pro-max--blanc,,impexo-camera-protection,1,14.90,Modèle,iPhone 17 Pro Max,1,0,Couleur,Blanc,1,0,,,https://www.impexo.fr/product/IMPEXO-IPHONE%2017%20SERIES12-31/JOJO1015-1.JPG,
variation,impexo-camera-protection--pro-max--noir,,impexo-camera-protection,1,14.90,Modèle,iPhone 17 Pro Max,1,0,Couleur,Noir,1,0,,,https://www.impexo.fr/product/IMPEXO-IPHONE%2017%20SERIES12-31/JOJO1015-1.JPG,
variation,impexo-camera-protection--pro-max--vert,,impexo-camera-protection,1,14.90,Modèle,iPhone 17 Pro Max,1,0,Couleur,Vert,1,0,,,https://www.impexo.fr/product/IMPEXO-IPHONE%2017%20SERIES12-31/JOJO1015-1.JPG,
variation,impexo-camera-protection--pro-max--rose,,impexo-camera-protection,1,14.90,Modèle,iPhone 17 Pro Max,1,0,Couleur,Rose,1,0,,,https://www.impexo.fr/product/IMPEXO-IPHONE%2017%20SERIES12-31/JOJO1015-1.JPG,
variation,impexo-camera-protection--pro-max--bleu,,impexo-camera-protection,1,14.90,Modèle,iPhone 17 Pro Max,1,0,Couleur,Bleu,1,0,,,https://www.impexo.fr/product/IMPEXO-IPHONE%2017%20SERIES12-31/JOJO1015-1.JPG,
variation,impexo-camera-protection--pro-max--rouge,,impexo-camera-protection,1,14.90,Modèle,iPhone 17 Pro Max,1,0,Couleur,Rouge,1,0,,,https://www.impexo.fr/product/IMPEXO-IPHONE%2017%20SERIES12-31/JOJO1015-1.JPG,
variation,impexo-camera-protection--pro-max--gris,,impexo-camera-protection,1,14.90,Modèle,iPhone 17 Pro Max,1,0,Couleur,Gris,1,0,,,https://www.impexo.fr/product/IMPEXO-IPHONE%2017%20SERIES12-31/JOJO1015-1.JPG,
variation,impexo-camera-protection--pro-max--violet,,impexo-camera-protection,1,14.90,Modèle,iPhone 17 Pro Max,1,0,Couleur,Violet,1,0,,,https://www.impexo.fr/product/IMPEXO-IPHONE%2017%20SERIES12-31/JOJO1015-1.JPG,
variation,impexo-camera-protection--pro-max--argent,,impexo-camera-protection,1,14.90,Modèle,iPhone 17 Pro Max,1,0,Couleur,Argent,1,0,,,https://www.impexo.fr/product/IMPEXO-IPHONE%2017%20SERIES12-31/JOJO1015-1.JPG,
variation,impexo-camera-protection--pro-max--marron,,impexo-camera-protection,1,14.90,Modèle,iPhone 17 Pro Max,1,0,Couleur,Marron,1,0,,,https://www.impexo.fr/product/IMPEXO-IPHONE%2017%20SERIES12-31/JOJO1015-1.JPG,
variable,impexo-transparent,Coque Transparente Premium – Série iPhone 17,,1,,Modèle,"iPhone 17, iPhone 17 Air, iPhone 17 Pro, iPhone 17 Pro Max",1,0,Couleur,"Transparent, Gris, Jaune, Violet",1,0,Préserve le design d'origine. Protection discrète contre rayures et chocs.,"Idéale pour conserver le design d'origine, cette coque transparente protège contre les rayures et les chocs du quotidien tout en restant discrète et élégante. Mention légale : Produit compatible avec les modèles iPhone 17, 17 Air, 17 Pro et 17 Pro Max. La marque Apple® est mentionnée uniquement à titre de compatibilité. IMPEXO est une marque indépendante.",https://www.impexo.fr/product/IMPEXO-IPHONE%2017%20SERIES12-31/JOJO1015-2.JPG,
variation,impexo-transparent--iphone-17--transparent,,impexo-transparent,1,14.90,Modèle,iPhone 17,1,0,Couleur,Transparent,1,0,,,https://www.impexo.fr/product/IMPEXO-IPHONE%2017%20SERIES12-31/JOJO1015-2.JPG,
variation,impexo-transparent--iphone-17--gris,,impexo-transparent,1,14.90,Modèle,iPhone 17,1,0,Couleur,Gris,1,0,,,https://www.impexo.fr/product/IMPEXO-IPHONE%2017%20SERIES12-31/JOJO1015-2.JPG,
variation,impexo-transparent--iphone-17--jaune,,impexo-transparent,1,14.90,Modèle,iPhone 17,1,0,Couleur,Jaune,1,0,,,https://www.impexo.fr/product/IMPEXO-IPHONE%2017%20SERIES12-31/JOJO1015-2.JPG,
variation,impexo-transparent--iphone-17--violet,,impexo-transparent,1,14.90,Modèle,iPhone 17,1,0,Couleur,Violet,1,0,,,https://www.impexo.fr/product/IMPEXO-IPHONE%2017%20SERIES12-31/JOJO1015-2.JPG,
variation,impexo-transparent--air--transparent,,impexo-transparent,1,14.90,Modèle,iPhone 17 Air,1,0,Couleur,Transparent,1,0,,,https://www.impexo.fr/product/IMPEXO-IPHONE%2017%20SERIES12-31/JOJO1015-2.JPG,
variation,impexo-transparent--air--gris,,impexo-transparent,1,14.90,Modèle,iPhone 17 Air,1,0,Couleur,Gris,1,0,,,https://www.impexo.fr/product/IMPEXO-IPHONE%2017%20SERIES12-31/JOJO1015-2.JPG,
variation,impexo-transparent--air--jaune,,impexo-transparent,1,14.90,Modèle,iPhone 17 Air,1,0,Couleur,Jaune,1,0,,,https://www.impexo.fr/product/IMPEXO-IPHONE%2017%20SERIES12-31/JOJO1015-2.JPG,
variation,impexo-transparent--air--violet,,impexo-transparent,1,14.90,Modèle,iPhone 17 Air,1,0,Couleur,Violet,1,0,,,https://www.impexo.fr/product/IMPEXO-IPHONE%2017%20SERIES12-31/JOJO1015-2.JPG,
variation,impexo-transparent--pro--transparent,,impexo-transparent,1,14.90,Modèle,iPhone 17 Pro,1,0,Couleur,Transparent,1,0,,,https://www.impexo.fr/product/IMPEXO-IPHONE%2017%20SERIES12-31/JOJO1015-2.JPG,
variation,impexo-transparent--pro--gris,,impexo-transparent,1,14.90,Modèle,iPhone 17 Pro,1,0,Couleur,Gris,1,0,,,https://www.impexo.fr/product/IMPEXO-IPHONE%2017%20SERIES12-31/JOJO1015-2.JPG,
variation,impexo-transparent--pro--jaune,,impexo-transparent,1,14.90,Modèle,iPhone 17 Pro,1,0,Couleur,Jaune,1,0,,,https://www.impexo.fr/product/IMPEXO-IPHONE%2017%20SERIES12-31/JOJO1015-2.JPG,
variation,impexo-transparent--pro--violet,,impexo-transparent,1,14.90,Modèle,iPhone 17 Pro,1,0,Couleur,Violet,1,0,,,https://www.impexo.fr/product/IMPEXO-IPHONE%2017%20SERIES12-31/JOJO1015-2.JPG,
variation,impexo-transparent--pro-max--transparent,,impexo-transparent,1,14.90,Modèle,iPhone 17 Pro Max,1,0,Couleur,Transparent,1,0,,,https://www.impexo.fr/product/IMPEXO-IPHONE%2017%20SERIES12-31/JOJO1015-2.JPG,
variation,impexo-transparent--pro-max--gris,,impexo-transparent,1,14.90,Modèle,iPhone 17 Pro Max,1,0,Couleur,Gris,1,0,,,https://www.impexo.fr/product/IMPEXO-IPHONE%2017%20SERIES12-31/JOJO1015-2.JPG,
variation,impexo-transparent--pro-max--jaune,,impexo-transparent,1,14.90,Modèle,iPhone 17 Pro Max,1,0,Couleur,Jaune,1,0,,,https://www.impexo.fr/product/IMPEXO-IPHONE%2017%20SERIES12-31/JOJO1015-2.JPG,
variation,impexo-transparent--pro-max--violet,,impexo-transparent,1,14.90,Modèle,iPhone 17 Pro Max,1,0,Couleur,Violet,1,0,,,https://www.impexo.fr/product/IMPEXO-IPHONE%2017%20SERIES12-31/JOJO1015-2.JPG,
variable,impexo-luxury-transparent,Coque Luxury Transparente – Série iPhone 17,,1,,Modèle,"iPhone 17, iPhone 17 Air, iPhone 17 Pro, iPhone 17 Pro Max",1,0,Couleur,"Argent, Rose, Bleu, Violet, Noir, Or, Rouge",1,0,Transparence premium avec détails décoratifs raffinés. Protection fiable.,"Version transparente à finition premium avec détails décoratifs raffinés, alliant esthétique et protection fiable. Mention légale : Produit compatible avec les modèles iPhone 17, 17 Air, 17 Pro et 17 Pro Max. La marque Apple® est mentionnée uniquement à titre de compatibilité. IMPEXO est une marque indépendante.",https://www.impexo.fr/product/IMPEXO-IPHONE%2017%20SERIES12-31/JOJO1015-24.JPG,
variation,impexo-luxury-transparent--iphone-17--argent,,impexo-luxury-transparent,1,29.90,Modèle,iPhone 17,1,0,Couleur,Argent,1,0,,,https://www.impexo.fr/product/IMPEXO-IPHONE%2017%20SERIES12-31/JOJO1015-24.JPG,
variation,impexo-luxury-transparent--iphone-17--rose,,impexo-luxury-transparent,1,29.90,Modèle,iPhone 17,1,0,Couleur,Rose,1,0,,,https://www.impexo.fr/product/IMPEXO-IPHONE%2017%20SERIES12-31/JOJO1015-24.JPG,
variation,impexo-luxury-transparent--iphone-17--bleu,,impexo-luxury-transparent,1,29.90,Modèle,iPhone 17,1,0,Couleur,Bleu,1,0,,,https://www.impexo.fr/product/IMPEXO-IPHONE%2017%20SERIES12-31/JOJO1015-24.JPG,
variation,impexo-luxury-transparent--iphone-17--violet,,impexo-luxury-transparent,1,29.90,Modèle,iPhone 17,1,0,Couleur,Violet,1,0,,,https://www.impexo.fr/product/IMPEXO-IPHONE%2017%20SERIES12-31/JOJO1015-24.JPG,
variation,impexo-luxury-transparent--iphone-17--noir,,impexo-luxury-transparent,1,29.90,Modèle,iPhone 17,1,0,Couleur,Noir,1,0,,,https://www.impexo.fr/product/IMPEXO-IPHONE%2017%20SERIES12-31/JOJO1015-24.JPG,
variation,impexo-luxury-transparent--iphone-17--or,,impexo-luxury-transparent,1,29.90,Modèle,iPhone 17,1,0,Couleur,Or,1,0,,,https://www.impexo.fr/product/IMPEXO-IPHONE%2017%20SERIES12-31/JOJO1015-24.JPG,
variation,impexo-luxury-transparent--iphone-17--rouge,,impexo-luxury-transparent,1,29.90,Modèle,iPhone 17,1,0,Couleur,Rouge,1,0,,,https://www.impexo.fr/product/IMPEXO-IPHONE%2017%20SERIES12-31/JOJO1015-24.JPG,
variation,impexo-luxury-transparent--air--argent,,impexo-luxury-transparent,1,29.90,Modèle,iPhone 17 Air,1,0,Couleur,Argent,1,0,,,https://www.impexo.fr/product/IMPEXO-IPHONE%2017%20SERIES12-31/JOJO1015-24.JPG,
variation,impexo-luxury-transparent--air--rose,,impexo-luxury-transparent,1,29.90,Modèle,iPhone 17 Air,1,0,Couleur,Rose,1,0,,,https://www.impexo.fr/product/IMPEXO-IPHONE%2017%20SERIES12-31/JOJO1015-24.JPG,
variation,impexo-luxury-transparent--air--bleu,,impexo-luxury-transparent,1,29.90,Modèle,iPhone 17 Air,1,0,Couleur,Bleu,1,0,,,https://www.impexo.fr/product/IMPEXO-IPHONE%2017%20SERIES12-31/JOJO1015-24.JPG,
variation,impexo-luxury-transparent--air--violet,,impexo-luxury-transparent,1,29.90,Modèle,iPhone 17 Air,1,0,Couleur,Violet,1,0,,,https://www.impexo.fr/product/IMPEXO-IPHONE%2017%20SERIES12-31/JOJO1015-24.JPG,
variation,impexo-luxury-transparent--air--noir,,impexo-luxury-transparent,1,29.90,Modèle,iPhone 17 Air,1,0,Couleur,Noir,1,0,,,https://www.impexo.fr/product/IMPEXO-IPHONE%2017%20SERIES12-31/JOJO1015-24.JPG,
variation,impexo-luxury-transparent--air--or,,impexo-luxury-transparent,1,29.90,Modèle,iPhone 17 Air,1,0,Couleur,Or,1,0,,,https://www.impexo.fr/product/IMPEXO-IPHONE%2017%20SERIES12-31/JOJO1015-24.JPG,
variation,impexo-luxury-transparent--air--rouge,,impexo-luxury-transparent,1,29.90,Modèle,iPhone 17 Air,1,0,Couleur,Rouge,1,0,,,https://www.impexo.fr/product/IMPEXO-IPHONE%2017%20SERIES12-31/JOJO1015-24.JPG,
variation,impexo-luxury-transparent--pro--argent,,impexo-luxury-transparent,1,29.90,Modèle,iPhone 17 Pro,1,0,Couleur,Argent,1,0,,,https://www.impexo.fr/product/IMPEXO-IPHONE%2017%20SERIES12-31/JOJO1015-24.JPG,
variation,impexo-luxury-transparent--pro--rose,,impexo-luxury-transparent,1,29.90,Modèle,iPhone 17 Pro,1,0,Couleur,Rose,1,0,,,https://www.impexo.fr/product/IMPEXO-IPHONE%2017%20SERIES12-31/JOJO1015-24.JPG,
variation,impexo-luxury-transparent--pro--bleu,,impexo-luxury-transparent,1,29.90,Modèle,iPhone 17 Pro,1,0,Couleur,Bleu,1,0,,,https://www.impexo.fr/product/IMPEXO-IPHONE%2017%20SERIES12-31/JOJO1015-24.JPG,
variation,impexo-luxury-transparent--pro--violet,,impexo-luxury-transparent,1,29.90,Modèle,iPhone 17 Pro,1,0,Couleur,Violet,1,0,,,https://www.impexo.fr/product/IMPEXO-IPHONE%2017%20SERIES12-31/JOJO1015-24.JPG,
variation,impexo-luxury-transparent--pro--noir,,impexo-luxury-transparent,1,29.90,Modèle,iPhone 17 Pro,1,0,Couleur,Noir,1,0,,,https://www.impexo.fr/product/IMPEXO-IPHONE%2017%20SERIES12-31/JOJO1015-24.JPG,
variation,impexo-luxury-transparent--pro--or,,impexo-luxury-transparent,1,29.90,Modèle,iPhone 17 Pro,1,0,Couleur,Or,1,0,,,https://www.impexo.fr/product/IMPEXO-IPHONE%2017%20SERIES12-31/JOJO1015-24.JPG,
variation,impexo-luxury-transparent--pro--rouge,,impexo-luxury-transparent,1,29.90,Modèle,iPhone 17 Pro,1,0,Couleur,Rouge,1,0,,,https://www.impexo.fr/product/IMPEXO-IPHONE%2017%20SERIES12-31/JOJO1015-24.JPG,
variation,impexo-luxury-transparent--pro-max--argent,,impexo-luxury-transparent,1,29.90,Modèle,iPhone 17 Pro Max,1,0,Couleur,Argent,1,0,,,https://www.impexo.fr/product/IMPEXO-IPHONE%2017%20SERIES12-31/JOJO1015-24.JPG,
variation,impexo-luxury-transparent--pro-max--rose,,impexo-luxury-transparent,1,29.90,Modèle,iPhone 17 Pro Max,1,0,Couleur,Rose,1,0,,,https://www.impexo.fr/product/IMPEXO-IPHONE%2017%20SERIES12-31/JOJO1015-24.JPG,
variation,impexo-luxury-transparent--pro-max--bleu,,impexo-luxury-transparent,1,29.90,Modèle,iPhone 17 Pro Max,1,0,Couleur,Bleu,1,0,,,https://www.impexo.fr/product/IMPEXO-IPHONE%2017%20SERIES12-31/JOJO1015-24.JPG,
variation,impexo-luxury-transparent--pro-max--violet,,impexo-luxury-transparent,1,29.90,Modèle,iPhone 17 Pro Max,1,0,Couleur,Violet,1,0,,,https://www.impexo.fr/product/IMPEXO-IPHONE%2017%20SERIES12-31/JOJO1015-24.JPG,
variation,impexo-luxury-transparent--pro-max--noir,,impexo-luxury-transparent,1,29.90,Modèle,iPhone 17 Pro Max,1,0,Couleur,Noir,1,0,,,https://www.impexo.fr/product/IMPEXO-IPHONE%2017%20SERIES12-31/JOJO1015-24.JPG,
variation,impexo-luxury-transparent--pro-max--or,,impexo-luxury-transparent,1,29.90,Modèle,iPhone 17 Pro Max,1,0,Couleur,Or,1,0,,,https://www.impexo.fr/product/IMPEXO-IPHONE%2017%20SERIES12-31/JOJO1015-24.JPG,
variation,impexo-luxury-transparent--pro-max--rouge,,impexo-luxury-transparent,1,29.90,Modèle,iPhone 17 Pro Max,1,0,Couleur,Rouge,1,0,,,https://www.impexo.fr/product/IMPEXO-IPHONE%2017%20SERIES12-31/JOJO1015-24.JPG,
variable,impexo-magnetic,Coque Magnétique – Série iPhone 17,,1,,Modèle,"iPhone 17, iPhone 17 Air, iPhone 17 Pro, iPhone 17 Pro Max",1,0,Couleur,"Noir, Blanc, Violet, Bleu, Vert sombre, Or désert, Jaune, Fuchsia",1,0,Système magnétique intégré. Maintien stable avec accessoires compatibles.,"Équipée d'un système magnétique intégré, cette coque assure un maintien stable avec les accessoires compatibles tout en protégeant efficacement l'appareil. Note : certaines versions peuvent être compatibles MagSafe selon le design. Mention légale : Produit compatible avec les modèles iPhone 17, 17 Air, 17 Pro et 17 Pro Max. La marque Apple® est mentionnée uniquement à titre de compatibilité. IMPEXO est une marque indépendante.",https://www.impexo.fr/product/IMPEXO-IPHONE%2017%20SERIES12-31/JOJO1015-6.JPG,
variation,impexo-magnetic--iphone-17--noir,,impexo-magnetic,1,19.90,Modèle,iPhone 17,1,0,Couleur,Noir,1,0,,,https://www.impexo.fr/product/IMPEXO-IPHONE%2017%20SERIES12-31/JOJO1015-6.JPG,
variation,impexo-magnetic--iphone-17--blanc,,impexo-magnetic,1,19.90,Modèle,iPhone 17,1,0,Couleur,Blanc,1,0,,,https://www.impexo.fr/product/IMPEXO-IPHONE%2017%20SERIES12-31/JOJO1015-6.JPG,
variation,impexo-magnetic--iphone-17--violet,,impexo-magnetic,1,19.90,Modèle,iPhone 17,1,0,Couleur,Violet,1,0,,,https://www.impexo.fr/product/IMPEXO-IPHONE%2017%20SERIES12-31/JOJO1015-6.JPG,
variation,impexo-magnetic--iphone-17--bleu,,impexo-magnetic,1,19.90,Modèle,iPhone 17,1,0,Couleur,Bleu,1,0,,,https://www.impexo.fr/product/IMPEXO-IPHONE%2017%20SERIES12-31/JOJO1015-6.JPG,
variation,impexo-magnetic--iphone-17--vert-sombre,,impexo-magnetic,1,19.90,Modèle,iPhone 17,1,0,Couleur,Vert sombre,1,0,,,https://www.impexo.fr/product/IMPEXO-IPHONE%2017%20SERIES12-31/JOJO1015-6.JPG,
variation,impexo-magnetic--iphone-17--or-desert,,impexo-magnetic,1,19.90,Modèle,iPhone 17,1,0,Couleur,Or désert,1,0,,,https://www.impexo.fr/product/IMPEXO-IPHONE%2017%20SERIES12-31/JOJO1015-6.JPG,
variation,impexo-magnetic--iphone-17--jaune,,impexo-magnetic,1,19.90,Modèle,iPhone 17,1,0,Couleur,Jaune,1,0,,,https://www.impexo.fr/product/IMPEXO-IPHONE%2017%20SERIES12-31/JOJO1015-6.JPG,
variation,impexo-magnetic--iphone-17--fuchsia,,impexo-magnetic,1,19.90,Modèle,iPhone 17,1,0,Couleur,Fuchsia,1,0,,,https://www.impexo.fr/product/IMPEXO-IPHONE%2017%20SERIES12-31/JOJO1015-6.JPG,
variation,impexo-magnetic--air--noir,,impexo-magnetic,1,19.90,Modèle,iPhone 17 Air,1,0,Couleur,Noir,1,0,,,https://www.impexo.fr/product/IMPEXO-IPHONE%2017%20SERIES12-31/JOJO1015-6.JPG,
variation,impexo-magnetic--air--blanc,,impexo-magnetic,1,19.90,Modèle,iPhone 17 Air,1,0,Couleur,Blanc,1,0,,,https://www.impexo.fr/product/IMPEXO-IPHONE%2017%20SERIES12-31/JOJO1015-6.JPG,
variation,impexo-magnetic--air--violet,,impexo-magnetic,1,19.90,Modèle,iPhone 17 Air,1,0,Couleur,Violet,1,0,,,https://www.impexo.fr/product/IMPEXO-IPHONE%2017%20SERIES12-31/JOJO1015-6.JPG,
variation,impexo-magnetic--air--bleu,,impexo-magnetic,1,19.90,Modèle,iPhone 17 Air,1,0,Couleur,Bleu,1,0,,,https://www.impexo.fr/product/IMPEXO-IPHONE%2017%20SERIES12-31/JOJO1015-6.JPG,
variation,impexo-magnetic--air--vert-sombre,,impexo-magnetic,1,19.90,Modèle,iPhone 17 Air,1,0,Couleur,Vert sombre,1,0,,,https://www.impexo.fr/product/IMPEXO-IPHONE%2017%20SERIES12-31/JOJO1015-6.JPG,
variation,impexo-magnetic--air--or-desert,,impexo-magnetic,1,19.90,Modèle,iPhone 17 Air,1,0,Couleur,Or désert,1,0,,,https://www.impexo.fr/product/IMPEXO-IPHONE%2017%20SERIES12-31/JOJO1015-6.JPG,
variation,impexo-magnetic--air--jaune,,impexo-magnetic,1,19.90,Modèle,iPhone 17 Air,1,0,Couleur,Jaune,1,0,,,https://www.impexo.fr/product/IMPEXO-IPHONE%2017%20SERIES12-31/JOJO1015-6.JPG,
variation,impexo-magnetic--air--fuchsia,,impexo-magnetic,1,19.90,Modèle,iPhone 17 Air,1,0,Couleur,Fuchsia,1,0,,,https://www.impexo.fr/product/IMPEXO-IPHONE%2017%20SERIES12-31/JOJO1015-6.JPG,
variation,impexo-magnetic--pro--noir,,impexo-magnetic,1,19.90,Modèle,iPhone 17 Pro,1,0,Couleur,Noir,1,0,,,https://www.impexo.fr/product/IMPEXO-IPHONE%2017%20SERIES12-31/JOJO1015-6.JPG,
variation,impexo-magnetic--pro--blanc,,impexo-magnetic,1,19.90,Modèle,iPhone 17 Pro,1,0,Couleur,Blanc,1,0,,,https://www.impexo.fr/product/IMPEXO-IPHONE%2017%20SERIES12-31/JOJO1015-6.JPG,
variation,impexo-magnetic--pro--violet,,impexo-magnetic,1,19.90,Modèle,iPhone 17 Pro,1,0,Couleur,Violet,1,0,,,https://www.impexo.fr/product/IMPEXO-IPHONE%2017%20SERIES12-31/JOJO1015-6.JPG,
variation,impexo-magnetic--pro--bleu,,impexo-magnetic,1,19.90,Modèle,iPhone 17 Pro,1,0,Couleur,Bleu,1,0,,,https://www.impexo.fr/product/IMPEXO-IPHONE%2017%20SERIES12-31/JOJO1015-6.JPG,
variation,impexo-magnetic--pro--vert-sombre,,impexo-magnetic,1,19.90,Modèle,iPhone 17 Pro,1,0,Couleur,Vert sombre,1,0,,,https://www.impexo.fr/product/IMPEXO-IPHONE%2017%20SERIES12-31/JOJO1015-6.JPG,
variation,impexo-magnetic--pro--or-desert,,impexo-magnetic,1,19.90,Modèle,iPhone 17 Pro,1,0,Couleur,Or désert,1,0,,,https://www.impexo.fr/product/IMPEXO-IPHONE%2017%20SERIES12-31/JOJO1015-6.JPG,
variation,impexo-magnetic--pro--jaune,,impexo-magnetic,1,19.90,Modèle,iPhone 17 Pro,1,0,Couleur,Jaune,1,0,,,https://www.impexo.fr/product/IMPEXO-IPHONE%2017%20SERIES12-31/JOJO1015-6.JPG,
variation,impexo-magnetic--pro--fuchsia,,impexo-magnetic,1,19.90,Modèle,iPhone 17 Pro,1,0,Couleur,Fuchsia,1,0,,,https://www.impexo.fr/product/IMPEXO-IPHONE%2017%20SERIES12-31/JOJO1015-6.JPG,
variation,impexo-magnetic--pro-max--noir,,impexo-magnetic,1,19.90,Modèle,iPhone 17 Pro Max,1,0,Couleur,Noir,1,0,,,https://www.impexo.fr/product/IMPEXO-IPHONE%2017%20SERIES12-31/JOJO1015-6.JPG,
variation,impexo-magnetic--pro-max--blanc,,impexo-magnetic,1,19.90,Modèle,iPhone 17 Pro Max,1,0,Couleur,Blanc,1,0,,,https://www.impexo.fr/product/IMPEXO-IPHONE%2017%20SERIES12-31/JOJO1015-6.JPG,
variation,impexo-magnetic--pro-max--violet,,impexo-magnetic,1,19.90,Modèle,iPhone 17 Pro Max,1,0,Couleur,Violet,1,0,,,https://www.impexo.fr/product/IMPEXO-IPHONE%2017%20SERIES12-31/JOJO1015-6.JPG,
variation,impexo-magnetic--pro-max--bleu,,impexo-magnetic,1,19.90,Modèle,iPhone 17 Pro Max,1,0,Couleur,Bleu,1,0,,,https://www.impexo.fr/product/IMPEXO-IPHONE%2017%20SERIES12-31/JOJO1015-6.JPG,
variation,impexo-magnetic--pro-max--vert-sombre,,impexo-magnetic,1,19.90,Modèle,iPhone 17 Pro Max,1,0,Couleur,Vert sombre,1,0,,,https://www.impexo.fr/product/IMPEXO-IPHONE%2017%20SERIES12-31/JOJO1015-6.JPG,
variation,impexo-magnetic--pro-max--or-desert,,impexo-magnetic,1,19.90,Modèle,iPhone 17 Pro Max,1,0,Couleur,Or désert,1,0,,,https://www.impexo.fr/product/IMPEXO-IPHONE%2017%20SERIES12-31/JOJO1015-6.JPG,
variation,impexo-magnetic--pro-max--jaune,,impexo-magnetic,1,19.90,Modèle,iPhone 17 Pro Max,1,0,Couleur,Jaune,1,0,,,https://www.impexo.fr/product/IMPEXO-IPHONE%2017%20SERIES12-31/JOJO1015-6.JPG,
variation,impexo-magnetic--pro-max--fuchsia,,impexo-magnetic,1,19.90,Modèle,iPhone 17 Pro Max,1,0,Couleur,Fuchsia,1,0,,,https://www.impexo.fr/product/IMPEXO-IPHONE%2017%20SERIES12-31/JOJO1015-6.JPG,
variable,impexo-luxury-metal,Coque Luxury Metal Frame – Série iPhone 17,,1,,Modèle,"iPhone 17, iPhone 17 Air, iPhone 17 Pro, iPhone 17 Pro Max",1,0,Couleur,"Violet, Gris, Or désert, Orange, Argent, Or rose, Noir, Vert sombre, Marron, Bleu",1,0,Cadre à finition métallique. Protection structurelle renforcée.,"Dotée d'un cadre à finition métallique, cette coque offre une protection structurelle renforcée et un rendu haut de gamme. Mention légale : Produit compatible avec les modèles iPhone 17, 17 Air, 17 Pro et 17 Pro Max. La marque Apple® est mentionnée uniquement à titre de compatibilité. IMPEXO est une marque indépendante.",https://www.impexo.fr/product/IMPEXO-IPHONE%2017%20SERIES12-31/JOJO1015-22.JPG,
variation,impexo-luxury-metal--iphone-17--violet,,impexo-luxury-metal,1,17.90,Modèle,iPhone 17,1,0,Couleur,Violet,1,0,,,https://www.impexo.fr/product/IMPEXO-IPHONE%2017%20SERIES12-31/JOJO1015-22.JPG,
variation,impexo-luxury-metal--iphone-17--gris,,impexo-luxury-metal,1,17.90,Modèle,iPhone 17,1,0,Couleur,Gris,1,0,,,https://www.impexo.fr/product/IMPEXO-IPHONE%2017%20SERIES12-31/JOJO1015-22.JPG,
variation,impexo-luxury-metal--iphone-17--or-desert,,impexo-luxury-metal,1,17.90,Modèle,iPhone 17,1,0,Couleur,Or désert,1,0,,,https://www.impexo.fr/product/IMPEXO-IPHONE%2017%20SERIES12-31/JOJO1015-22.JPG,
variation,impexo-luxury-metal--iphone-17--orange,,impexo-luxury-metal,1,17.90,Modèle,iPhone 17,1,0,Couleur,Orange,1,0,,,https://www.impexo.fr/product/IMPEXO-IPHONE%2017%20SERIES12-31/JOJO1015-22.JPG,
variation,impexo-luxury-metal--iphone-17--argent,,impexo-luxury-metal,1,17.90,Modèle,iPhone 17,1,0,Couleur,Argent,1,0,,,https://www.impexo.fr/product/IMPEXO-IPHONE%2017%20SERIES12-31/JOJO1015-22.JPG,
variation,impexo-luxury-metal--iphone-17--or-rose,,impexo-luxury-metal,1,17.90,Modèle,iPhone 17,1,0,Couleur,Or rose,1,0,,,https://www.impexo.fr/product/IMPEXO-IPHONE%2017%20SERIES12-31/JOJO1015-22.JPG,
variation,impexo-luxury-metal--iphone-17--noir,,impexo-luxury-metal,1,17.90,Modèle,iPhone 17,1,0,Couleur,Noir,1,0,,,https://www.impexo.fr/product/IMPEXO-IPHONE%2017%20SERIES12-31/JOJO1015-22.JPG,
variation,impexo-luxury-metal--iphone-17--vert-sombre,,impexo-luxury-metal,1,17.90,Modèle,iPhone 17,1,0,Couleur,Vert sombre,1,0,,,https://www.impexo.fr/product/IMPEXO-IPHONE%2017%20SERIES12-31/JOJO1015-22.JPG,
variation,impexo-luxury-metal--iphone-17--marron,,impexo-luxury-metal,1,17.90,Modèle,iPhone 17,1,0,Couleur,Marron,1,0,,,https://www.impexo.fr/product/IMPEXO-IPHONE%2017%20SERIES12-31/JOJO1015-22.JPG,
variation,impexo-luxury-metal--iphone-17--bleu,,impexo-luxury-metal,1,17.90,Modèle,iPhone 17,1,0,Couleur,Bleu,1,0,,,https://www.impexo.fr/product/IMPEXO-IPHONE%2017%20SERIES12-31/JOJO1015-22.JPG,
variation,impexo-luxury-metal--air--violet,,impexo-luxury-metal,1,17.90,Modèle,iPhone 17 Air,1,0,Couleur,Violet,1,0,,,https://www.impexo.fr/product/IMPEXO-IPHONE%2017%20SERIES12-31/JOJO1015-22.JPG,
variation,impexo-luxury-metal--air--gris,,impexo-luxury-metal,1,17.90,Modèle,iPhone 17 Air,1,0,Couleur,Gris,1,0,,,https://www.impexo.fr/product/IMPEXO-IPHONE%2017%20SERIES12-31/JOJO1015-22.JPG,
variation,impexo-luxury-metal--air--or-desert,,impexo-luxury-metal,1,17.90,Modèle,iPhone 17 Air,1,0,Couleur,Or désert,1,0,,,https://www.impexo.fr/product/IMPEXO-IPHONE%2017%20SERIES12-31/JOJO1015-22.JPG,
variation,impexo-luxury-metal--air--orange,,impexo-luxury-metal,1,17.90,Modèle,iPhone 17 Air,1,0,Couleur,Orange,1,0,,,https://www.impexo.fr/product/IMPEXO-IPHONE%2017%20SERIES12-31/JOJO1015-22.JPG,
variation,impexo-luxury-metal--air--argent,,impexo-luxury-metal,1,17.90,Modèle,iPhone 17 Air,1,0,Couleur,Argent,1,0,,,https://www.impexo.fr/product/IMPEXO-IPHONE%2017%20SERIES12-31/JOJO1015-22.JPG,
variation,impexo-luxury-metal--air--or-rose,,impexo-luxury-metal,1,17.90,Modèle,iPhone 17 Air,1,0,Couleur,Or rose,1,0,,,https://www.impexo.fr/product/IMPEXO-IPHONE%2017%20SERIES12-31/JOJO1015-22.JPG,
variation,impexo-luxury-metal--air--noir,,impexo-luxury-metal,1,17.90,Modèle,iPhone 17 Air,1,0,Couleur,Noir,1,0,,,https://www.impexo.fr/product/IMPEXO-IPHONE%2017%20SERIES12-31/JOJO1015-22.JPG,
variation,impexo-luxury-metal--air--vert-sombre,,impexo-luxury-metal,1,17.90,Modèle,iPhone 17 Air,1,0,Couleur,Vert sombre,1,0,,,https://www.impexo.fr/product/IMPEXO-IPHONE%2017%20SERIES12-31/JOJO1015-22.JPG,
variation,impexo-luxury-metal--air--marron,,impexo-luxury-metal,1,17.90,Modèle,iPhone 17 Air,1,0,Couleur,Marron,1,0,,,https://www.impexo.fr/product/IMPEXO-IPHONE%2017%20SERIES12-31/JOJO1015-22.JPG,
variation,impexo-luxury-metal--air--bleu,,impexo-luxury-metal,1,17.90,Modèle,iPhone 17 Air,1,0,Couleur,Bleu,1,0,,,https://www.impexo.fr/product/IMPEXO-IPHONE%2017%20SERIES12-31/JOJO1015-22.JPG,
variation,impexo-luxury-metal--pro--violet,,impexo-luxury-metal,1,17.90,Modèle,iPhone 17 Pro,1,0,Couleur,Violet,1,0,,,https://www.impexo.fr/product/IMPEXO-IPHONE%2017%20SERIES12-31/JOJO1015-22.JPG,
variation,impexo-luxury-metal--pro--gris,,impexo-luxury-metal,1,17.90,Modèle,iPhone 17 Pro,1,0,Couleur,Gris,1,0,,,https://www.impexo.fr/product/IMPEXO-IPHONE%2017%20SERIES12-31/JOJO1015-22.JPG,
variation,impexo-luxury-metal--pro--or-desert,,impexo-luxury-metal,1,17.90,Modèle,iPhone 17 Pro,1,0,Couleur,Or désert,1,0,,,https://www.impexo.fr/product/IMPEXO-IPHONE%2017%20SERIES12-31/JOJO1015-22.JPG,
variation,impexo-luxury-metal--pro--orange,,impexo-luxury-metal,1,17.90,Modèle,iPhone 17 Pro,1,0,Couleur,Orange,1,0,,,https://www.impexo.fr/product/IMPEXO-IPHONE%2017%20SERIES12-31/JOJO1015-22.JPG,
variation,impexo-luxury-metal--pro--argent,,impexo-luxury-metal,1,17.90,Modèle,iPhone 17 Pro,1,0,Couleur,Argent,1,0,,,https://www.impexo.fr/product/IMPEXO-IPHONE%2017%20SERIES12-31/JOJO1015-22.JPG,
variation,impexo-luxury-metal--pro--or-rose,,impexo-luxury-metal,1,17.90,Modèle,iPhone 17 Pro,1,0,Couleur,Or rose,1,0,,,https://www.impexo.fr/product/IMPEXO-IPHONE%2017%20SERIES12-31/JOJO1015-22.JPG,
variation,impexo-luxury-metal--pro--noir,,impexo-luxury-metal,1,17.90,Modèle,iPhone 17 Pro,1,0,Couleur,Noir,1,0,,,https://www.impexo.fr/product/IMPEXO-IPHONE%2017%20SERIES12-31/JOJO1015-22.JPG,
variation,impexo-luxury-metal--pro--vert-sombre,,impexo-luxury-metal,1,17.90,Modèle,iPhone 17 Pro,1,0,Couleur,Vert sombre,1,0,,,https://www.impexo.fr/product/IMPEXO-IPHONE%2017%20SERIES12-31/JOJO1015-22.JPG,
variation,impexo-luxury-metal--pro--marron,,impexo-luxury-metal,1,17.90,Modèle,iPhone 17 Pro,1,0,Couleur,Marron,1,0,,,https://www.impexo.fr/product/IMPEXO-IPHONE%2017%20SERIES12-31/JOJO1015-22.JPG,
variation,impexo-luxury-metal--pro--bleu,,impexo-luxury-metal,1,17.90,Modèle,iPhone 17 Pro,1,0,Couleur,Bleu,1,0,,,https://www.impexo.fr/product/IMPEXO-IPHONE%2017%20SERIES12-31/JOJO1015-22.JPG,
variation,impexo-luxury-metal--pro-max--violet,,impexo-luxury-metal,1,17.90,Modèle,iPhone 17 Pro Max,1,0,Couleur,Violet,1,0,,,https://www.impexo.fr/product/IMPEXO-IPHONE%2017%20SERIES12-31/JOJO1015-22.JPG,
variation,impexo-luxury-metal--pro-max--gris,,impexo-luxury-metal,1,17.90,Modèle,iPhone 17 Pro Max,1,0,Couleur,Gris,1,0,,,https://www.impexo.fr/product/IMPEXO-IPHONE%2017%20SERIES12-31/JOJO1015-22.JPG,
variation,impexo-luxury-metal--pro-max--or-desert,,impexo-luxury-metal,1,17.90,Modèle,iPhone 17 Pro Max,1,0,Couleur,Or désert,1,0,,,https://www.impexo.fr/product/IMPEXO-IPHONE%2017%20SERIES12-31/JOJO1015-22.JPG,
variation,impexo-luxury-metal--pro-max--orange,,impexo-luxury-metal,1,17.90,Modèle,iPhone 17 Pro Max,1,0,Couleur,Orange,1,0,,,https://www.impexo.fr/product/IMPEXO-IPHONE%2017%20SERIES12-31/JOJO1015-22.JPG,
variation,impexo-luxury-metal--pro-max--argent,,impexo-luxury-metal,1,17.90,Modèle,iPhone 17 Pro Max,1,0,Couleur,Argent,1,0,,,https://www.impexo.fr/product/IMPEXO-IPHONE%2017%20SERIES12-31/JOJO1015-22.JPG,
variation,impexo-luxury-metal--pro-max--or-rose,,impexo-luxury-metal,1,17.90,Modèle,iPhone 17 Pro Max,1,0,Couleur,Or rose,1,0,,,https://www.impexo.fr/product/IMPEXO-IPHONE%2017%20SERIES12-31/JOJO1015-22.JPG,
variation,impexo-luxury-metal--pro-max--noir,,impexo-luxury-metal,1,17.90,Modèle,iPhone 17 Pro Max,1,0,Couleur,Noir,1,0,,,https://www.impexo.fr/product/IMPEXO-IPHONE%2017%20SERIES12-31/JOJO1015-22.JPG,
variation,impexo-luxury-metal--pro-max--vert-sombre,,impexo-luxury-metal,1,17.90,Modèle,iPhone 17 Pro Max,1,0,Couleur,Vert sombre,1,0,,,https://www.impexo.fr/product/IMPEXO-IPHONE%2017%20SERIES12-31/JOJO1015-22.JPG,
variation,impexo-luxury-metal--pro-max--marron,,impexo-luxury-metal,1,17.90,Modèle,iPhone 17 Pro Max,1,0,Couleur,Marron,1,0,,,https://www.impexo.fr/product/IMPEXO-IPHONE%2017%20SERIES12-31/JOJO1015-22.JPG,
variation,impexo-luxury-metal--pro-max--bleu,,impexo-luxury-metal,1,17.90,Modèle,iPhone 17 Pro Max,1,0,Couleur,Bleu,1,0,,,https://www.impexo.fr/product/IMPEXO-IPHONE%2017%20SERIES12-31/JOJO1015-22.JPG,
variable,impexo-anti-slip-matte,Coque Texture Antidérapante – Série iPhone 17,,1,,Modèle,"iPhone 17, iPhone 17 Air, iPhone 17 Pro, iPhone 17 Pro Max",1,0,Couleur,"Noir, Rose, Violet, Marron, Bleu nuit",1,0,Surface mate et texture antidérapante. Prose en main sûre.,"Surface mate et texture antidérapante pour une prise en main sûre et confortable au quotidien. Mention légale : Produit compatible avec les modèles iPhone 17, 17 Air, 17 Pro et 17 Pro Max. La marque Apple® est mentionnée uniquement à titre de compatibilité. IMPEXO est une marque indépendante.",https://www.impexo.fr/product/IMPEXO-IPHONE%2017%20SERIES12-31/JOJO1015-12.JPG,
variation,impexo-anti-slip-matte--iphone-17--noir,,impexo-anti-slip-matte,1,24.90,Modèle,iPhone 17,1,0,Couleur,Noir,1,0,,,https://www.impexo.fr/product/IMPEXO-IPHONE%2017%20SERIES12-31/JOJO1015-12.JPG,
variation,impexo-anti-slip-matte--iphone-17--rose,,impexo-anti-slip-matte,1,24.90,Modèle,iPhone 17,1,0,Couleur,Rose,1,0,,,https://www.impexo.fr/product/IMPEXO-IPHONE%2017%20SERIES12-31/JOJO1015-12.JPG,
variation,impexo-anti-slip-matte--iphone-17--violet,,impexo-anti-slip-matte,1,24.90,Modèle,iPhone 17,1,0,Couleur,Violet,1,0,,,https://www.impexo.fr/product/IMPEXO-IPHONE%2017%20SERIES12-31/JOJO1015-12.JPG,
variation,impexo-anti-slip-matte--iphone-17--marron,,impexo-anti-slip-matte,1,24.90,Modèle,iPhone 17,1,0,Couleur,Marron,1,0,,,https://www.impexo.fr/product/IMPEXO-IPHONE%2017%20SERIES12-31/JOJO1015-12.JPG,
variation,impexo-anti-slip-matte--iphone-17--bleu-nuit,,impexo-anti-slip-matte,1,24.90,Modèle,iPhone 17,1,0,Couleur,Bleu nuit,1,0,,,https://www.impexo.fr/product/IMPEXO-IPHONE%2017%20SERIES12-31/JOJO1015-12.JPG,
variation,impexo-anti-slip-matte--air--noir,,impexo-anti-slip-matte,1,24.90,Modèle,iPhone 17 Air,1,0,Couleur,Noir,1,0,,,https://www.impexo.fr/product/IMPEXO-IPHONE%2017%20SERIES12-31/JOJO1015-12.JPG,
variation,impexo-anti-slip-matte--air--rose,,impexo-anti-slip-matte,1,24.90,Modèle,iPhone 17 Air,1,0,Couleur,Rose,1,0,,,https://www.impexo.fr/product/IMPEXO-IPHONE%2017%20SERIES12-31/JOJO1015-12.JPG,
variation,impexo-anti-slip-matte--air--violet,,impexo-anti-slip-matte,1,24.90,Modèle,iPhone 17 Air,1,0,Couleur,Violet,1,0,,,https://www.impexo.fr/product/IMPEXO-IPHONE%2017%20SERIES12-31/JOJO1015-12.JPG,
variation,impexo-anti-slip-matte--air--marron,,impexo-anti-slip-matte,1,24.90,Modèle,iPhone 17 Air,1,0,Couleur,Marron,1,0,,,https://www.impexo.fr/product/IMPEXO-IPHONE%2017%20SERIES12-31/JOJO1015-12.JPG,
variation,impexo-anti-slip-matte--air--bleu-nuit,,impexo-anti-slip-matte,1,24.90,Modèle,iPhone 17 Air,1,0,Couleur,Bleu nuit,1,0,,,https://www.impexo.fr/product/IMPEXO-IPHONE%2017%20SERIES12-31/JOJO1015-12.JPG,
variation,impexo-anti-slip-matte--pro--noir,,impexo-anti-slip-matte,1,24.90,Modèle,iPhone 17 Pro,1,0,Couleur,Noir,1,0,,,https://www.impexo.fr/product/IMPEXO-IPHONE%2017%20SERIES12-31/JOJO1015-12.JPG,
variation,impexo-anti-slip-matte--pro--rose,,impexo-anti-slip-matte,1,24.90,Modèle,iPhone 17 Pro,1,0,Couleur,Rose,1,0,,,https://www.impexo.fr/product/IMPEXO-IPHONE%2017%20SERIES12-31/JOJO1015-12.JPG,
variation,impexo-anti-slip-matte--pro--violet,,impexo-anti-slip-matte,1,24.90,Modèle,iPhone 17 Pro,1,0,Couleur,Violet,1,0,,,https://www.impexo.fr/product/IMPEXO-IPHONE%2017%20SERIES12-31/JOJO1015-12.JPG,
variation,impexo-anti-slip-matte--pro--marron,,impexo-anti-slip-matte,1,24.90,Modèle,iPhone 17 Pro,1,0,Couleur,Marron,1,0,,,https://www.impexo.fr/product/IMPEXO-IPHONE%2017%20SERIES12-31/JOJO1015-12.JPG,
variation,impexo-anti-slip-matte--pro--bleu-nuit,,impexo-anti-slip-matte,1,24.90,Modèle,iPhone 17 Pro,1,0,Couleur,Bleu nuit,1,0,,,https://www.impexo.fr/product/IMPEXO-IPHONE%2017%20SERIES12-31/JOJO1015-12.JPG,
variation,impexo-anti-slip-matte--pro-max--noir,,impexo-anti-slip-matte,1,24.90,Modèle,iPhone 17 Pro Max,1,0,Couleur,Noir,1,0,,,https://www.impexo.fr/product/IMPEXO-IPHONE%2017%20SERIES12-31/JOJO1015-12.JPG,
variation,impexo-anti-slip-matte--pro-max--rose,,impexo-anti-slip-matte,1,24.90,Modèle,iPhone 17 Pro Max,1,0,Couleur,Rose,1,0,,,https://www.impexo.fr/product/IMPEXO-IPHONE%2017%20SERIES12-31/JOJO1015-12.JPG,
variation,impexo-anti-slip-matte--pro-max--violet,,impexo-anti-slip-matte,1,24.90,Modèle,iPhone 17 Pro Max,1,0,Couleur,Violet,1,0,,,https://www.impexo.fr/product/IMPEXO-IPHONE%2017%20SERIES12-31/JOJO1015-12.JPG,
variation,impexo-anti-slip-matte--pro-max--marron,,impexo-anti-slip-matte,1,24.90,Modèle,iPhone 17 Pro Max,1,0,Couleur,Marron,1,0,,,https://www.impexo.fr/product/IMPEXO-IPHONE%2017%20SERIES12-31/JOJO1015-12.JPG,
variation,impexo-anti-slip-matte--pro-max--bleu-nuit,,impexo-anti-slip-matte,1,24.90,Modèle,iPhone 17 Pro Max,1,0,Couleur,Bleu nuit,1,0,,,https://www.impexo.fr/product/IMPEXO-IPHONE%2017%20SERIES12-31/JOJO1015-12.JPG,
variable,impexo-jean,Coque Effet Cuir / Jean – Série iPhone 17,,1,,Modèle,"iPhone 17, iPhone 17 Air, iPhone 17 Pro, iPhone 17 Pro Max",1,0,Couleur,"Bleu denim, Noir, Gris, Marron",1,0,"Finition texturée effet cuir / jean. Style distinctif, protection fiable.","Finition texturée effet cuir / jean, alliant style distinctif et protection fiable. Mention légale : Produit compatible avec les modèles iPhone 17, 17 Air, 17 Pro et 17 Pro Max. La marque Apple® est mentionnée uniquement à titre de compatibilité. IMPEXO est une marque indépendante.",https://www.impexo.fr/product/IMPEXO-IPHONE%2017%20SERIES12-31/JOJO1015-16.JPG,
variation,impexo-jean--iphone-17--bleu-denim,,impexo-jean,1,26.90,Modèle,iPhone 17,1,0,Couleur,Bleu denim,1,0,,,https://www.impexo.fr/product/IMPEXO-IPHONE%2017%20SERIES12-31/JOJO1015-16.JPG,
variation,impexo-jean--iphone-17--noir,,impexo-jean,1,26.90,Modèle,iPhone 17,1,0,Couleur,Noir,1,0,,,https://www.impexo.fr/product/IMPEXO-IPHONE%2017%20SERIES12-31/JOJO1015-16.JPG,
variation,impexo-jean--iphone-17--gris,,impexo-jean,1,26.90,Modèle,iPhone 17,1,0,Couleur,Gris,1,0,,,https://www.impexo.fr/product/IMPEXO-IPHONE%2017%20SERIES12-31/JOJO1015-16.JPG,
variation,impexo-jean--iphone-17--marron,,impexo-jean,1,26.90,Modèle,iPhone 17,1,0,Couleur,Marron,1,0,,,https://www.impexo.fr/product/IMPEXO-IPHONE%2017%20SERIES12-31/JOJO1015-16.JPG,
variation,impexo-jean--air--bleu-denim,,impexo-jean,1,26.90,Modèle,iPhone 17 Air,1,0,Couleur,Bleu denim,1,0,,,https://www.impexo.fr/product/IMPEXO-IPHONE%2017%20SERIES12-31/JOJO1015-16.JPG,
variation,impexo-jean--air--noir,,impexo-jean,1,26.90,Modèle,iPhone 17 Air,1,0,Couleur,Noir,1,0,,,https://www.impexo.fr/product/IMPEXO-IPHONE%2017%20SERIES12-31/JOJO1015-16.JPG,
variation,impexo-jean--air--gris,,impexo-jean,1,26.90,Modèle,iPhone 17 Air,1,0,Couleur,Gris,1,0,,,https://www.impexo.fr/product/IMPEXO-IPHONE%2017%20SERIES12-31/JOJO1015-16.JPG,
variation,impexo-jean--air--marron,,impexo-jean,1,26.90,Modèle,iPhone 17 Air,1,0,Couleur,Marron,1,0,,,https://www.impexo.fr/product/IMPEXO-IPHONE%2017%20SERIES12-31/JOJO1015-16.JPG,
variation,impexo-jean--pro--bleu-denim,,impexo-jean,1,26.90,Modèle,iPhone 17 Pro,1,0,Couleur,Bleu denim,1,0,,,https://www.impexo.fr/product/IMPEXO-IPHONE%2017%20SERIES12-31/JOJO1015-16.JPG,
variation,impexo-jean--pro--noir,,impexo-jean,1,26.90,Modèle,iPhone 17 Pro,1,0,Couleur,Noir,1,0,,,https://www.impexo.fr/product/IMPEXO-IPHONE%2017%20SERIES12-31/JOJO1015-16.JPG,
variation,impexo-jean--pro--gris,,impexo-jean,1,26.90,Modèle,iPhone 17 Pro,1,0,Couleur,Gris,1,0,,,https://www.impexo.fr/product/IMPEXO-IPHONE%2017%20SERIES12-31/JOJO1015-16.JPG,
variation,impexo-jean--pro--marron,,impexo-jean,1,26.90,Modèle,iPhone 17 Pro,1,0,Couleur,Marron,1,0,,,https://www.impexo.fr/product/IMPEXO-IPHONE%2017%20SERIES12-31/JOJO1015-16.JPG,
variation,impexo-jean--pro-max--bleu-denim,,impexo-jean,1,26.90,Modèle,iPhone 17 Pro Max,1,0,Couleur,Bleu denim,1,0,,,https://www.impexo.fr/product/IMPEXO-IPHONE%2017%20SERIES12-31/JOJO1015-16.JPG,
variation,impexo-jean--pro-max--noir,,impexo-jean,1,26.90,Modèle,iPhone 17 Pro Max,1,0,Couleur,Noir,1,0,,,https://www.impexo.fr/product/IMPEXO-IPHONE%2017%20SERIES12-31/JOJO1015-16.JPG,
variation,impexo-jean--pro-max--gris,,impexo-jean,1,26.90,Modèle,iPhone 17 Pro Max,1,0,Couleur,Gris,1,0,,,https://www.impexo.fr/product/IMPEXO-IPHONE%2017%20SERIES12-31/JOJO1015-16.JPG,
variation,impexo-jean--pro-max--marron,,impexo-jean,1,26.90,Modèle,iPhone 17 Pro Max,1,0,Couleur,Marron,1,0,,,https://www.impexo.fr/product/IMPEXO-IPHONE%2017%20SERIES12-31/JOJO1015-16.JPG,
variable,impexo-pc-tpu,Coque Renforcée PC + TPU – Série iPhone 17,,1,,Modèle,"iPhone 17, iPhone 17 Air, iPhone 17 Pro, iPhone 17 Pro Max",1,0,Couleur,"Noir, Vert, Rose, Violet, Argent, Vert sombre, Doré, Rouge, Bleu, Bordeaux, Marron",1,0,Association de matériaux résistants. Protection renforcée au quotidien.,"Association de matériaux résistants pour une protection renforcée contre les chocs et l'usure quotidienne. Mention légale : Produit compatible avec les modèles iPhone 17, 17 Air, 17 Pro et 17 Pro Max. La marque Apple® est mentionnée uniquement à titre de compatibilité. IMPEXO est une marque indépendante.",https://www.impexo.fr/product/IMPEXO-IPHONE%2017%20SERIES12-31/JOJO1015-7.JPG,
variation,impexo-pc-tpu--iphone-17--noir,,impexo-pc-tpu,1,22.90,Modèle,iPhone 17,1,0,Couleur,Noir,1,0,,,https://www.impexo.fr/product/IMPEXO-IPHONE%2017%20SERIES12-31/JOJO1015-7.JPG,
variation,impexo-pc-tpu--iphone-17--vert,,impexo-pc-tpu,1,22.90,Modèle,iPhone 17,1,0,Couleur,Vert,1,0,,,https://www.impexo.fr/product/IMPEXO-IPHONE%2017%20SERIES12-31/JOJO1015-7.JPG,
variation,impexo-pc-tpu--iphone-17--rose,,impexo-pc-tpu,1,22.90,Modèle,iPhone 17,1,0,Couleur,Rose,1,0,,,https://www.impexo.fr/product/IMPEXO-IPHONE%2017%20SERIES12-31/JOJO1015-7.JPG,
variation,impexo-pc-tpu--iphone-17--violet,,impexo-pc-tpu,1,22.90,Modèle,iPhone 17,1,0,Couleur,Violet,1,0,,,https://www.impexo.fr/product/IMPEXO-IPHONE%2017%20SERIES12-31/JOJO1015-7.JPG,
variation,impexo-pc-tpu--iphone-17--argent,,impexo-pc-tpu,1,22.90,Modèle,iPhone 17,1,0,Couleur,Argent,1,0,,,https://www.impexo.fr/product/IMPEXO-IPHONE%2017%20SERIES12-31/JOJO1015-7.JPG,
variation,impexo-pc-tpu--iphone-17--vert-sombre,,impexo-pc-tpu,1,22.90,Modèle,iPhone 17,1,0,Couleur,Vert sombre,1,0,,,https://www.impexo.fr/product/IMPEXO-IPHONE%2017%20SERIES12-31/JOJO1015-7.JPG,
variation,impexo-pc-tpu--iphone-17--dore,,impexo-pc-tpu,1,22.90,Modèle,iPhone 17,1,0,Couleur,Doré,1,0,,,https://www.impexo.fr/product/IMPEXO-IPHONE%2017%20SERIES12-31/JOJO1015-7.JPG,
variation,impexo-pc-tpu--iphone-17--rouge,,impexo-pc-tpu,1,22.90,Modèle,iPhone 17,1,0,Couleur,Rouge,1,0,,,https://www.impexo.fr/product/IMPEXO-IPHONE%2017%20SERIES12-31/JOJO1015-7.JPG,
variation,impexo-pc-tpu--iphone-17--bleu,,impexo-pc-tpu,1,22.90,Modèle,iPhone 17,1,0,Couleur,Bleu,1,0,,,https://www.impexo.fr/product/IMPEXO-IPHONE%2017%20SERIES12-31/JOJO1015-7.JPG,
variation,impexo-pc-tpu--iphone-17--bordeaux,,impexo-pc-tpu,1,22.90,Modèle,iPhone 17,1,0,Couleur,Bordeaux,1,0,,,https://www.impexo.fr/product/IMPEXO-IPHONE%2017%20SERIES12-31/JOJO1015-7.JPG,
variation,impexo-pc-tpu--iphone-17--marron,,impexo-pc-tpu,1,22.90,Modèle,iPhone 17,1,0,Couleur,Marron,1,0,,,https://www.impexo.fr/product/IMPEXO-IPHONE%2017%20SERIES12-31/JOJO1015-7.JPG,
variation,impexo-pc-tpu--air--noir,,impexo-pc-tpu,1,22.90,Modèle,iPhone 17 Air,1,0,Couleur,Noir,1,0,,,https://www.impexo.fr/product/IMPEXO-IPHONE%2017%20SERIES12-31/JOJO1015-7.JPG,
variation,impexo-pc-tpu--air--vert,,impexo-pc-tpu,1,22.90,Modèle,iPhone 17 Air,1,0,Couleur,Vert,1,0,,,https://www.impexo.fr/product/IMPEXO-IPHONE%2017%20SERIES12-31/JOJO1015-7.JPG,
variation,impexo-pc-tpu--air--rose,,impexo-pc-tpu,1,22.90,Modèle,iPhone 17 Air,1,0,Couleur,Rose,1,0,,,https://www.impexo.fr/product/IMPEXO-IPHONE%2017%20SERIES12-31/JOJO1015-7.JPG,
variation,impexo-pc-tpu--air--violet,,impexo-pc-tpu,1,22.90,Modèle,iPhone 17 Air,1,0,Couleur,Violet,1,0,,,https://www.impexo.fr/product/IMPEXO-IPHONE%2017%20SERIES12-31/JOJO1015-7.JPG,
variation,impexo-pc-tpu--air--argent,,impexo-pc-tpu,1,22.90,Modèle,iPhone 17 Air,1,0,Couleur,Argent,1,0,,,https://www.impexo.fr/product/IMPEXO-IPHONE%2017%20SERIES12-31/JOJO1015-7.JPG,
variation,impexo-pc-tpu--air--vert-sombre,,impexo-pc-tpu,1,22.90,Modèle,iPhone 17 Air,1,0,Couleur,Vert sombre,1,0,,,https://www.impexo.fr/product/IMPEXO-IPHONE%2017%20SERIES12-31/JOJO1015-7.JPG,
variation,impexo-pc-tpu--air--dore,,impexo-pc-tpu,1,22.90,Modèle,iPhone 17 Air,1,0,Couleur,Doré,1,0,,,https://www.impexo.fr/product/IMPEXO-IPHONE%2017%20SERIES12-31/JOJO1015-7.JPG,
variation,impexo-pc-tpu--air--rouge,,impexo-pc-tpu,1,22.90,Modèle,iPhone 17 Air,1,0,Couleur,Rouge,1,0,,,https://www.impexo.fr/product/IMPEXO-IPHONE%2017%20SERIES12-31/JOJO1015-7.JPG,
variation,impexo-pc-tpu--air--bleu,,impexo-pc-tpu,1,22.90,Modèle,iPhone 17 Air,1,0,Couleur,Bleu,1,0,,,https://www.impexo.fr/product/IMPEXO-IPHONE%2017%20SERIES12-31/JOJO1015-7.JPG,
variation,impexo-pc-tpu--air--bordeaux,,impexo-pc-tpu,1,22.90,Modèle,iPhone 17 Air,1,0,Couleur,Bordeaux,1,0,,,https://www.impexo.fr/product/IMPEXO-IPHONE%2017%20SERIES12-31/JOJO1015-7.JPG,
variation,impexo-pc-tpu--air--marron,,impexo-pc-tpu,1,22.90,Modèle,iPhone 17 Air,1,0,Couleur,Marron,1,0,,,https://www.impexo.fr/product/IMPEXO-IPHONE%2017%20SERIES12-31/JOJO1015-7.JPG,
variation,impexo-pc-tpu--pro--noir,,impexo-pc-tpu,1,22.90,Modèle,iPhone 17 Pro,1,0,Couleur,Noir,1,0,,,https://www.impexo.fr/product/IMPEXO-IPHONE%2017%20SERIES12-31/JOJO1015-7.JPG,
variation,impexo-pc-tpu--pro--vert,,impexo-pc-tpu,1,22.90,Modèle,iPhone 17 Pro,1,0,Couleur,Vert,1,0,,,https://www.impexo.fr/product/IMPEXO-IPHONE%2017%20SERIES12-31/JOJO1015-7.JPG,
variation,impexo-pc-tpu--pro--rose,,impexo-pc-tpu,1,22.90,Modèle,iPhone 17 Pro,1,0,Couleur,Rose,1,0,,,https://www.impexo.fr/product/IMPEXO-IPHONE%2017%20SERIES12-31/JOJO1015-7.JPG,
variation,impexo-pc-tpu--pro--violet,,impexo-pc-tpu,1,22.90,Modèle,iPhone 17 Pro,1,0,Couleur,Violet,1,0,,,https://www.impexo.fr/product/IMPEXO-IPHONE%2017%20SERIES12-31/JOJO1015-7.JPG,
variation,impexo-pc-tpu--pro--argent,,impexo-pc-tpu,1,22.90,Modèle,iPhone 17 Pro,1,0,Couleur,Argent,1,0,,,https://www.impexo.fr/product/IMPEXO-IPHONE%2017%20SERIES12-31/JOJO1015-7.JPG,
variation,impexo-pc-tpu--pro--vert-sombre,,impexo-pc-tpu,1,22.90,Modèle,iPhone 17 Pro,1,0,Couleur,Vert sombre,1,0,,,https://www.impexo.fr/product/IMPEXO-IPHONE%2017%20SERIES12-31/JOJO1015-7.JPG,
variation,impexo-pc-tpu--pro--dore,,impexo-pc-tpu,1,22.90,Modèle,iPhone 17 Pro,1,0,Couleur,Doré,1,0,,,https://www.impexo.fr/product/IMPEXO-IPHONE%2017%20SERIES12-31/JOJO1015-7.JPG,
variation,impexo-pc-tpu--pro--rouge,,impexo-pc-tpu,1,22.90,Modèle,iPhone 17 Pro,1,0,Couleur,Rouge,1,0,,,https://www.impexo.fr/product/IMPEXO-IPHONE%2017%20SERIES12-31/JOJO1015-7.JPG,
variation,impexo-pc-tpu--pro--bleu,,impexo-pc-tpu,1,22.90,Modèle,iPhone 17 Pro,1,0,Couleur,Bleu,1,0,,,https://www.impexo.fr/product/IMPEXO-IPHONE%2017%20SERIES12-31/JOJO1015-7.JPG,
variation,impexo-pc-tpu--pro--bordeaux,,impexo-pc-tpu,1,22.90,Modèle,iPhone 17 Pro,1,0,Couleur,Bordeaux,1,0,,,https://www.impexo.fr/product/IMPEXO-IPHONE%2017%20SERIES12-31/JOJO1015-7.JPG,
variation,impexo-pc-tpu--pro--marron,,impexo-pc-tpu,1,22.90,Modèle,iPhone 17 Pro,1,0,Couleur,Marron,1,0,,,https://www.impexo.fr/product/IMPEXO-IPHONE%2017%20SERIES12-31/JOJO1015-7.JPG,
variation,impexo-pc-tpu--pro-max--noir,,impexo-pc-tpu,1,22.90,Modèle,iPhone 17 Pro Max,1,0,Couleur,Noir,1,0,,,https://www.impexo.fr/product/IMPEXO-IPHONE%2017%20SERIES12-31/JOJO1015-7.JPG,
variation,impexo-pc-tpu--pro-max--vert,,impexo-pc-tpu,1,22.90,Modèle,iPhone 17 Pro Max,1,0,Couleur,Vert,1,0,,,https://www.impexo.fr/product/IMPEXO-IPHONE%2017%20SERIES12-31/JOJO1015-7.JPG,
variation,impexo-pc-tpu--pro-max--rose,,impexo-pc-tpu,1,22.90,Modèle,iPhone 17 Pro Max,1,0,Couleur,Rose,1,0,,,https://www.impexo.fr/product/IMPEXO-IPHONE%2017%20SERIES12-31/JOJO1015-7.JPG,
variation,impexo-pc-tpu--pro-max--violet,,impexo-pc-tpu,1,22.90,Modèle,iPhone 17 Pro Max,1,0,Couleur,Violet,1,0,,,https://www.impexo.fr/product/IMPEXO-IPHONE%2017%20SERIES12-31/JOJO1015-7.JPG,
variation,impexo-pc-tpu--pro-max--argent,,impexo-pc-tpu,1,22.90,Modèle,iPhone 17 Pro Max,1,0,Couleur,Argent,1,0,,,https://www.impexo.fr/product/IMPEXO-IPHONE%2017%20SERIES12-31/JOJO1015-7.JPG,
variation,impexo-pc-tpu--pro-max--vert-sombre,,impexo-pc-tpu,1,22.90,Modèle,iPhone 17 Pro Max,1,0,Couleur,Vert sombre,1,0,,,https://www.impexo.fr/product/IMPEXO-IPHONE%2017%20SERIES12-31/JOJO1015-7.JPG,
variation,impexo-pc-tpu--pro-max--dore,,impexo-pc-tpu,1,22.90,Modèle,iPhone 17 Pro Max,1,0,Couleur,Doré,1,0,,,https://www.impexo.fr/product/IMPEXO-IPHONE%2017%20SERIES12-31/JOJO1015-7.JPG,
variation,impexo-pc-tpu--pro-max--rouge,,impexo-pc-tpu,1,22.90,Modèle,iPhone 17 Pro Max,1,0,Couleur,Rouge,1,0,,,https://www.impexo.fr/product/IMPEXO-IPHONE%2017%20SERIES12-31/JOJO1015-7.JPG,
variation,impexo-pc-tpu--pro-max--bleu,,impexo-pc-tpu,1,22.90,Modèle,iPhone 17 Pro Max,1,0,Couleur,Bleu,1,0,,,https://www.impexo.fr/product/IMPEXO-IPHONE%2017%20SERIES12-31/JOJO1015-7.JPG,
variation,impexo-pc-tpu--pro-max--bordeaux,,impexo-pc-tpu,1,22.90,Modèle,iPhone 17 Pro Max,1,0,Couleur,Bordeaux,1,0,,,https://www.impexo.fr/product/IMPEXO-IPHONE%2017%20SERIES12-31/JOJO1015-7.JPG,
variation,impexo-pc-tpu--pro-max--marron,,impexo-pc-tpu,1,22.90,Modèle,iPhone 17 Pro Max,1,0,Couleur,Marron,1,0,,,https://www.impexo.fr/product/IMPEXO-IPHONE%2017%20SERIES12-31/JOJO1015-7.JPG,
